algorithm,source,target,path,hop_count,total_cost,edge_cost,node_cost,total_distance_km,total_noise,mean_noise,estimated_fidelity,total_latency_ms,is_cost_optimal,label,edge_cost_delta_vs_dijkstra,hop_delta_vs_dijkstra,fidelity_delta_vs_dijkstra,frame,configurations,mdqw_lower_edge_cost,dijkstra_lower_edge_cost,tied,mdqw_higher_fidelity,mdqw_lower_fidelity,verdict,selected,is_dijkstra_baseline,simulated_end_to_end_fidelity,link_estimate_fidelity,attenuation_estimate_fidelity,simulated_vs_link_gap,hop_index,distance_km,noise_score,fidelity_hint,latency_ms,simulated_fidelity,shots,memory_lifetime_ms,ideal_fidelity,memory_decay_estimate,shots_per_hop,probe_states,trial,network_seed,preset,graph_connected,dijkstra_path,mdqw_path,same_path,dijkstra_edge_cost,mdqw_edge_cost,edge_cost_difference,matched_dijkstra_edge_cost,dijkstra_hop_count,mdqw_hop_count,hop_difference,dijkstra_total_distance_km,mdqw_total_distance_km,dijkstra_estimated_fidelity,mdqw_estimated_fidelity,dijkstra_total_latency_ms,mdqw_total_latency_ms,comparisons,tied_edge_cost,same_path_count,mean_dijkstra_edge_cost,mean_mdqw_edge_cost,mean_edge_cost_difference,mean_hop_difference,mean_dijkstra_distance_km,mean_mdqw_distance_km,mean_dijkstra_fidelity,mean_mdqw_fidelity,noise_level,route_estimated_fidelity,mean_hop_noise,alpha,delta,beta,gamma,rho,hop_penalty,times_chosen,share_of_grid,instance,walkable_proxy_strategy,prior_steps,prior_weight,same_path_as_dijkstra,edge_cost_still_optimal,edge_cost_suboptimal,max_edge_cost_difference,n_repeaters,repeater_penalty,n_repeaters_on_path,chain_edge_cost,direct_edge_cost,chain_hop_count,direct_hop_count,chain_total_cost_at_zero_penalty,first_penalty_selecting_direct_link,direct_link_selected_at_any_penalty
MDQW A*,A,F,A -> B -> C -> F,3.0,2.0899278499278493,2.0899278499278493,0.0,350.0,0.21000000000000002,0.07,0.866016,8.5,True,mdqw-default,0.0,0.0,0.0,manual_network.routes,,,,,,,,,,,,,,,,,,,,,,,,,,,,,,,,,,,,,,,,,,,,,,,,,,,,,,,,,,,,,,,,,,,,,,,,,,,,,,,,,,,,,
MDQW A* +QW-prior,A,F,A -> B -> C -> F,3.0,3.465904058364844,2.0899278499278493,1.3759762084369949,350.0,0.21000000000000002,0.07,0.866016,8.5,False,mdqw-qw-prior,0.0,0.0,0.0,manual_network.routes,,,,,,,,,,,,,,,,,,,,,,,,,,,,,,,,,,,,,,,,,,,,,,,,,,,,,,,,,,,,,,,,,,,,,,,,,,,,,,,,,,,,,
Dijkstra (classical baseline),A,F,A -> B -> C -> F,3.0,2.0899278499278493,2.0899278499278493,0.0,350.0,0.21000000000000002,0.07,0.866016,8.5,True,dijkstra,0.0,0.0,0.0,manual_network.routes,,,,,,,,,,,,,,,,,,,,,,,,,,,,,,,,,,,,,,,,,,,,,,,,,,,,,,,,,,,,,,,,,,,,,,,,,,,,,,,,,,,,,
,,,,,,,,,,,,,,,,,,manual_network.summary,2.0,0.0,0.0,2.0,0.0,0.0,All 2 MDQW configurations tied with Dijkstra.,,,,,,,,,,,,,,,,,,,,,,,,,,,,,,,,,,,,,,,,,,,,,,,,,,,,,,,,,,,,,,,,,,,,,,,,,,,,,,
enumerated,A,F,A -> B -> C -> F,3.0,2.0899278499278493,2.0899278499278493,0.0,350.0,0.21000000000000002,0.07,0.866016,8.5,False,,,,,manual_network.enumerated,,,,,,,,True,False,,,,,,,,,,,,,,,,,,,,,,,,,,,,,,,,,,,,,,,,,,,,,,,,,,,,,,,,,,,,,,,,,,,,,,,,,,,,
enumerated,A,F,A -> B -> C -> D -> F,4.0,3.4533477633477627,3.4533477633477627,0.0,470.0,0.36,0.09,0.8129375999999999,13.5,False,,,,,manual_network.enumerated,,,,,,,,False,False,,,,,,,,,,,,,,,,,,,,,,,,,,,,,,,,,,,,,,,,,,,,,,,,,,,,,,,,,,,,,,,,,,,,,,,,,,,,
enumerated,A,F,A -> E -> F,2.0,7.1795670995671,7.1795670995671,0.0,310.0,0.52,0.26,0.7215999999999999,19.0,False,,,,,manual_network.enumerated,,,,,,,,False,False,,,,,,,,,,,,,,,,,,,,,,,,,,,,,,,,,,,,,,,,,,,,,,,,,,,,,,,,,,,,,,,,,,,,,,,,,,,,
,A,F,A -> B -> C -> F,3.0,2.0899278499278493,2.0899278499278493,,350.0,0.21000000000000002,,,8.5,,mdqw-default,,,,manual_network.multihop,,,,,,,,,,0.9997570501536287,0.866016,0.0007897043722816599,0.1337410501536287,,,,,,,,,,,,,,,,,,,,,,,,,,,,,,,,,,,,,,,,,,,,,,,,,,,,,,,,,,,,,,,,,,,,,,,,
,A,F,A -> B -> C -> F,3.0,3.465904058364844,2.0899278499278493,,350.0,0.21000000000000002,,,8.5,,mdqw-qw-prior,,,,manual_network.multihop,,,,,,,,,,0.9997570501536287,0.866016,0.0007897043722816599,0.1337410501536287,,,,,,,,,,,,,,,,,,,,,,,,,,,,,,,,,,,,,,,,,,,,,,,,,,,,,,,,,,,,,,,,,,,,,,,,
,A,F,A -> B -> C -> F,3.0,2.0899278499278493,2.0899278499278493,,350.0,0.21000000000000002,,,8.5,,dijkstra,,,,manual_network.multihop,,,,,,,,,,0.9997570501536287,0.866016,0.0007897043722816599,0.1337410501536287,,,,,,,,,,,,,,,,,,,,,,,,,,,,,,,,,,,,,,,,,,,,,,,,,,,,,,,,,,,,,,,,,,,,,,,,
,A,B,,,,,,,,,,,,mdqw-default,,,,manual_network.multihop_hops,,,,,,,,,,,,,,0.0,120.0,0.05,0.97,2.0,0.9999310922823661,2048.0,800.0,0.97,0.9975031223974601,,,,,,,,,,,,,,,,,,,,,,,,,,,,,,,,,,,,,,,,,,,,,,,,,,,,,,,,,,,,,,
,B,C,,,,,,,,,,,,mdqw-default,,,,manual_network.multihop_hops,,,,,,,,,,,,,,1.0,140.0,0.06,0.96,2.5,0.9998948463493261,2048.0,800.0,0.96,0.9968798777302081,,,,,,,,,,,,,,,,,,,,,,,,,,,,,,,,,,,,,,,,,,,,,,,,,,,,,,,,,,,,,,
,C,F,,,,,,,,,,,,mdqw-default,,,,manual_network.multihop_hops,,,,,,,,,,,,,,2.0,90.0,0.1,0.93,4.0,0.9999310922823661,2048.0,2000.0,0.93,0.9980019986673331,,,,,,,,,,,,,,,,,,,,,,,,,,,,,,,,,,,,,,,,,,,,,,,,,,,,,,,,,,,,,,
,A,B,,,,,,,,,,,,mdqw-qw-prior,,,,manual_network.multihop_hops,,,,,,,,,,,,,,0.0,120.0,0.05,0.97,2.0,0.9999310922823661,2048.0,800.0,0.97,0.9975031223974601,,,,,,,,,,,,,,,,,,,,,,,,,,,,,,,,,,,,,,,,,,,,,,,,,,,,,,,,,,,,,,
,B,C,,,,,,,,,,,,mdqw-qw-prior,,,,manual_network.multihop_hops,,,,,,,,,,,,,,1.0,140.0,0.06,0.96,2.5,0.9998948463493261,2048.0,800.0,0.96,0.9968798777302081,,,,,,,,,,,,,,,,,,,,,,,,,,,,,,,,,,,,,,,,,,,,,,,,,,,,,,,,,,,,,,
,C,F,,,,,,,,,,,,mdqw-qw-prior,,,,manual_network.multihop_hops,,,,,,,,,,,,,,2.0,90.0,0.1,0.93,4.0,0.9999310922823661,2048.0,2000.0,0.93,0.9980019986673331,,,,,,,,,,,,,,,,,,,,,,,,,,,,,,,,,,,,,,,,,,,,,,,,,,,,,,,,,,,,,,
,A,B,,,,,,,,,,,,dijkstra,,,,manual_network.multihop_hops,,,,,,,,,,,,,,0.0,120.0,0.05,0.97,2.0,0.9999310922823661,2048.0,800.0,0.97,0.9975031223974601,,,,,,,,,,,,,,,,,,,,,,,,,,,,,,,,,,,,,,,,,,,,,,,,,,,,,,,,,,,,,,
,B,C,,,,,,,,,,,,dijkstra,,,,manual_network.multihop_hops,,,,,,,,,,,,,,1.0,140.0,0.06,0.96,2.5,0.9998948463493261,2048.0,800.0,0.96,0.9968798777302081,,,,,,,,,,,,,,,,,,,,,,,,,,,,,,,,,,,,,,,,,,,,,,,,,,,,,,,,,,,,,,
,C,F,,,,,,,,,,,,dijkstra,,,,manual_network.multihop_hops,,,,,,,,,,,,,,2.0,90.0,0.1,0.93,4.0,0.9999310922823661,2048.0,2000.0,0.93,0.9980019986673331,,,,,,,,,,,,,,,,,,,,,,,,,,,,,,,,,,,,,,,,,,,,,,,,,,,,,,,,,,,,,,
,,,,1.0,,,,,,,,,,,,,,manual_network.hop_scaling,,,,,,,,,,0.9994627975219232,0.9,0.12180175491295143,0.09946279752192322,,,0.2,,,,,,,,2048.0,2.0,,,,,,,,,,,,,,,,,,,,,,,,,,,,,,,,,,,,,,,,,,,,,,,,,,,,,,,,,,,,
,,,,2.0,,,,,,,,,,,,,,manual_network.hop_scaling,,,,,,,,,,0.9995503362653605,0.81,0.014835667499874689,0.18955033626536044,,,0.2,,,,,,,,2048.0,2.0,,,,,,,,,,,,,,,,,,,,,,,,,,,,,,,,,,,,,,,,,,,,,,,,,,,,,,,,,,,,
,,,,3.0,,,,,,,,,,,,,,manual_network.hop_scaling,,,,,,,,,,0.9980475867183624,0.7290000000000001,0.0018070103367897757,0.26904758671836226,,,0.2,,,,,,,,2048.0,2.0,,,,,,,,,,,,,,,,,,,,,,,,,,,,,,,,,,,,,,,,,,,,,,,,,,,,,,,,,,,,
,,,,4.0,,,,,,,,,,,,,,manual_network.hop_scaling,,,,,,,,,,0.9967613671375981,0.6561000000000001,0.0002200970301668381,0.340661367137598,,,0.2,,,,,,,,2048.0,2.0,,,,,,,,,,,,,,,,,,,,,,,,,,,,,,,,,,,,,,,,,,,,,,,,,,,,,,,,,,,,
,,,,5.0,,,,,,,,,,,,,,manual_network.hop_scaling,,,,,,,,,,0.9978904243738209,0.5904900000000002,2.6808204525449692e-05,0.40740042437382074,,,0.2,,,,,,,,2048.0,2.0,,,,,,,,,,,,,,,,,,,,,,,,,,,,,,,,,,,,,,,,,,,,,,,,,,,,,,,,,,,,
,,,,6.0,,,,,,,,,,,,,,manual_network.hop_scaling,,,,,,,,,,0.9958963468047384,0.5314410000000002,3.2652863572650987e-06,0.4644553468047382,,,0.2,,,,,,,,2048.0,2.0,,,,,,,,,,,,,,,,,,,,,,,,,,,,,,,,,,,,,,,,,,,,,,,,,,,,,,,,,,,,
,N4,N5,,,,,,,,,,,,,,,,random_network.trials,,,,,,,,,,,,,,,,,,,,,,,,,,0.0,20261030.0,distance-heavy,True,N4 -> N0 -> N7 -> N5,N4 -> N0 -> N7 -> N5,True,3.6884823995558538,3.6884823995558538,0.0,True,3.0,3.0,0.0,580.1021623002308,580.1021623002308,0.8154812210649239,0.8154812210649239,38.65732748619123,38.65732748619123,,,,,,,,,,,,,,,,,,,,,,,,,,,,,,,,,,,,,,,,
,N4,N5,,,,,,,,,,,,,,,,random_network.trials,,,,,,,,,,,,,,,,,,,,,,,,,,0.0,20261030.0,balanced,True,N4 -> N8 -> N5,N4 -> N8 -> N5,True,3.6562176530661867,3.6562176530661867,0.0,True,2.0,2.0,0.0,610.160005652397,610.160005652397,0.9489784270151368,0.9489784270151368,36.34756139193257,36.34756139193257,,,,,,,,,,,,,,,,,,,,,,,,,,,,,,,,,,,,,,,,
,N4,N5,,,,,,,,,,,,,,,,random_network.trials,,,,,,,,,,,,,,,,,,,,,,,,,,0.0,20261030.0,quality-heavy,True,N4 -> N8 -> N5,N4 -> N8 -> N5,True,3.9512045798757987,3.9512045798757987,0.0,True,2.0,2.0,0.0,610.160005652397,610.160005652397,0.9489784270151368,0.9489784270151368,36.34756139193257,36.34756139193257,,,,,,,,,,,,,,,,,,,,,,,,,,,,,,,,,,,,,,,,
,N1,N10,,,,,,,,,,,,,,,,random_network.trials,,,,,,,,,,,,,,,,,,,,,,,,,,1.0,20261031.0,distance-heavy,False,N1 -> N11 -> N8 -> N10,N1 -> N11 -> N8 -> N10,True,5.060403271997226,5.060403271997226,0.0,True,3.0,3.0,0.0,681.9130110323786,681.9130110323786,0.7318706345822504,0.7318706345822504,36.71848351558537,36.71848351558537,,,,,,,,,,,,,,,,,,,,,,,,,,,,,,,,,,,,,,,,
,N1,N10,,,,,,,,,,,,,,,,random_network.trials,,,,,,,,,,,,,,,,,,,,,,,,,,1.0,20261031.0,balanced,False,N1 -> N11 -> N8 -> N10,N1 -> N11 -> N8 -> N10,True,5.588139611096359,5.588139611096359,0.0,True,3.0,3.0,0.0,681.9130110323786,681.9130110323786,0.7318706345822504,0.7318706345822504,36.71848351558537,36.71848351558537,,,,,,,,,,,,,,,,,,,,,,,,,,,,,,,,,,,,,,,,
,N1,N10,,,,,,,,,,,,,,,,random_network.trials,,,,,,,,,,,,,,,,,,,,,,,,,,1.0,20261031.0,quality-heavy,False,N1 -> N4 -> N8 -> N10,N1 -> N4 -> N8 -> N10,True,8.146650886438104,8.146650886438104,0.0,True,3.0,3.0,0.0,781.1144723390605,781.1144723390605,0.7239524745892102,0.7239524745892102,41.60270127458146,41.60270127458146,,,,,,,,,,,,,,,,,,,,,,,,,,,,,,,,,,,,,,,,
,N4,N6,,,,,,,,,,,,,,,,random_network.trials,,,,,,,,,,,,,,,,,,,,,,,,,,2.0,20261032.0,distance-heavy,False,N4 -> N6,N4 -> N6,True,0.6120850290875848,0.6120850290875848,0.0,True,1.0,1.0,0.0,98.93250056138876,98.93250056138876,0.9934323180420696,0.9934323180420696,10.942321182721278,10.942321182721278,,,,,,,,,,,,,,,,,,,,,,,,,,,,,,,,,,,,,,,,
,N4,N6,,,,,,,,,,,,,,,,random_network.trials,,,,,,,,,,,,,,,,,,,,,,,,,,2.0,20261032.0,balanced,False,N4 -> N6,N4 -> N6,True,1.2589553337112627,1.2589553337112627,0.0,True,1.0,1.0,0.0,98.93250056138876,98.93250056138876,0.9934323180420696,0.9934323180420696,10.942321182721278,10.942321182721278,,,,,,,,,,,,,,,,,,,,,,,,,,,,,,,,,,,,,,,,
,N4,N6,,,,,,,,,,,,,,,,random_network.trials,,,,,,,,,,,,,,,,,,,,,,,,,,2.0,20261032.0,quality-heavy,False,N4 -> N6,N4 -> N6,True,2.178067449301602,2.178067449301602,0.0,True,1.0,1.0,0.0,98.93250056138876,98.93250056138876,0.9934323180420696,0.9934323180420696,10.942321182721278,10.942321182721278,,,,,,,,,,,,,,,,,,,,,,,,,,,,,,,,,,,,,,,,
,N1,N6,,,,,,,,,,,,,,,,random_network.trials,,,,,,,,,,,,,,,,,,,,,,,,,,3.0,20261033.0,distance-heavy,False,N1 -> N4 -> N3 -> N6,N1 -> N4 -> N3 -> N6,True,5.939088006620194,5.939088006620194,0.0,True,3.0,3.0,0.0,736.3394772513925,736.3394772513925,0.7011181848542284,0.7011181848542284,33.319552341232956,33.319552341232956,,,,,,,,,,,,,,,,,,,,,,,,,,,,,,,,,,,,,,,,
,N1,N6,,,,,,,,,,,,,,,,random_network.trials,,,,,,,,,,,,,,,,,,,,,,,,,,3.0,20261033.0,balanced,False,N1 -> N4 -> N3 -> N6,N1 -> N4 -> N3 -> N6,True,6.451618539283436,6.451618539283436,0.0,True,3.0,3.0,0.0,736.3394772513925,736.3394772513925,0.7011181848542284,0.7011181848542284,33.319552341232956,33.319552341232956,,,,,,,,,,,,,,,,,,,,,,,,,,,,,,,,,,,,,,,,
,N1,N6,,,,,,,,,,,,,,,,random_network.trials,,,,,,,,,,,,,,,,,,,,,,,,,,3.0,20261033.0,quality-heavy,False,N1 -> N4 -> N3 -> N6,N1 -> N4 -> N3 -> N6,True,9.559801542853416,9.559801542853416,0.0,True,3.0,3.0,0.0,736.3394772513925,736.3394772513925,0.7011181848542284,0.7011181848542284,33.319552341232956,33.319552341232956,,,,,,,,,,,,,,,,,,,,,,,,,,,,,,,,,,,,,,,,
,N5,N6,,,,,,,,,,,,,,,,random_network.trials,,,,,,,,,,,,,,,,,,,,,,,,,,4.0,20261034.0,distance-heavy,True,N5 -> N8 -> N6,N5 -> N8 -> N6,True,3.9673832940431746,3.9673832940431746,0.0,True,2.0,2.0,0.0,526.951814596179,526.951814596179,0.8829661519294281,0.8829661519294281,7.355397657907355,7.355397657907355,,,,,,,,,,,,,,,,,,,,,,,,,,,,,,,,,,,,,,,,
,N5,N6,,,,,,,,,,,,,,,,random_network.trials,,,,,,,,,,,,,,,,,,,,,,,,,,4.0,20261034.0,balanced,True,N5 -> N8 -> N6,N5 -> N8 -> N6,True,3.651330754732422,3.651330754732422,0.0,True,2.0,2.0,0.0,526.951814596179,526.951814596179,0.8829661519294281,0.8829661519294281,7.355397657907355,7.355397657907355,,,,,,,,,,,,,,,,,,,,,,,,,,,,,,,,,,,,,,,,
,N5,N6,,,,,,,,,,,,,,,,random_network.trials,,,,,,,,,,,,,,,,,,,,,,,,,,4.0,20261034.0,quality-heavy,True,N5 -> N8 -> N6,N5 -> N8 -> N6,True,5.968770116158069,5.968770116158069,0.0,True,2.0,2.0,0.0,526.951814596179,526.951814596179,0.8829661519294281,0.8829661519294281,7.355397657907355,7.355397657907355,,,,,,,,,,,,,,,,,,,,,,,,,,,,,,,,,,,,,,,,
,N0,N5,,,,,,,,,,,,,,,,random_network.trials,,,,,,,,,,,,,,,,,,,,,,,,,,5.0,20261035.0,distance-heavy,True,N0 -> N7 -> N5,N0 -> N7 -> N5,True,2.7921953618697803,2.7921953618697803,0.0,True,2.0,2.0,0.0,373.44979047747694,373.44979047747694,0.7470287497114969,0.7470287497114969,12.728966258530082,12.728966258530082,,,,,,,,,,,,,,,,,,,,,,,,,,,,,,,,,,,,,,,,
,N0,N5,,,,,,,,,,,,,,,,random_network.trials,,,,,,,,,,,,,,,,,,,,,,,,,,5.0,20261035.0,balanced,True,N0 -> N3 -> N5,N0 -> N3 -> N5,True,3.653239623533954,3.653239623533954,0.0,True,2.0,2.0,0.0,693.1093275499856,693.1093275499856,0.9438437268915382,0.9438437268915382,22.784792950351985,22.784792950351985,,,,,,,,,,,,,,,,,,,,,,,,,,,,,,,,,,,,,,,,
,N0,N5,,,,,,,,,,,,,,,,random_network.trials,,,,,,,,,,,,,,,,,,,,,,,,,,5.0,20261035.0,quality-heavy,True,N0 -> N3 -> N5,N0 -> N3 -> N5,True,4.445661894254194,4.445661894254194,0.0,True,2.0,2.0,0.0,693.1093275499856,693.1093275499856,0.9438437268915382,0.9438437268915382,22.784792950351985,22.784792950351985,,,,,,,,,,,,,,,,,,,,,,,,,,,,,,,,,,,,,,,,
,N6,N11,,,,,,,,,,,,,,,,random_network.trials,,,,,,,,,,,,,,,,,,,,,,,,,,6.0,20261036.0,distance-heavy,True,N6 -> N1 -> N9 -> N11,N6 -> N1 -> N9 -> N11,True,2.8920083873290316,2.8920083873290316,0.0,True,3.0,3.0,0.0,395.62874634277904,395.62874634277904,0.6217583967659509,0.6217583967659509,12.05223544166772,12.05223544166772,,,,,,,,,,,,,,,,,,,,,,,,,,,,,,,,,,,,,,,,
,N6,N11,,,,,,,,,,,,,,,,random_network.trials,,,,,,,,,,,,,,,,,,,,,,,,,,6.0,20261036.0,balanced,True,N6 -> N2 -> N11,N6 -> N2 -> N11,True,5.740871439484197,5.740871439484197,0.0,True,2.0,2.0,0.0,574.8369370068515,574.8369370068515,0.6682813289072116,0.6682813289072116,9.149353588705274,9.149353588705274,,,,,,,,,,,,,,,,,,,,,,,,,,,,,,,,,,,,,,,,
,N6,N11,,,,,,,,,,,,,,,,random_network.trials,,,,,,,,,,,,,,,,,,,,,,,,,,6.0,20261036.0,quality-heavy,True,N6 -> N2 -> N11,N6 -> N2 -> N11,True,9.495598939135926,9.495598939135926,0.0,True,2.0,2.0,0.0,574.8369370068515,574.8369370068515,0.6682813289072116,0.6682813289072116,9.149353588705274,9.149353588705274,,,,,,,,,,,,,,,,,,,,,,,,,,,,,,,,,,,,,,,,
,N2,N7,,,,,,,,,,,,,,,,random_network.trials,,,,,,,,,,,,,,,,,,,,,,,,,,7.0,20261037.0,distance-heavy,False,N2 -> N7,N2 -> N7,True,0.632492208320061,0.632492208320061,0.0,True,1.0,1.0,0.0,91.23209048327305,91.23209048327305,0.8197617008251236,0.8197617008251236,2.3587948777932715,2.3587948777932715,,,,,,,,,,,,,,,,,,,,,,,,,,,,,,,,,,,,,,,,
,N2,N7,,,,,,,,,,,,,,,,random_network.trials,,,,,,,,,,,,,,,,,,,,,,,,,,7.0,20261037.0,balanced,False,N2 -> N7,N2 -> N7,True,1.9163916207832878,1.9163916207832878,0.0,True,1.0,1.0,0.0,91.23209048327305,91.23209048327305,0.8197617008251236,0.8197617008251236,2.3587948777932715,2.3587948777932715,,,,,,,,,,,,,,,,,,,,,,,,,,,,,,,,,,,,,,,,
,N2,N7,,,,,,,,,,,,,,,,random_network.trials,,,,,,,,,,,,,,,,,,,,,,,,,,7.0,20261037.0,quality-heavy,False,N2 -> N7,N2 -> N7,True,4.100345680834688,4.100345680834688,0.0,True,1.0,1.0,0.0,91.23209048327305,91.23209048327305,0.8197617008251236,0.8197617008251236,2.3587948777932715,2.3587948777932715,,,,,,,,,,,,,,,,,,,,,,,,,,,,,,,,,,,,,,,,
,N2,N6,,,,,,,,,,,,,,,,random_network.trials,,,,,,,,,,,,,,,,,,,,,,,,,,8.0,20261038.0,distance-heavy,True,N2 -> N9 -> N7 -> N6,N2 -> N9 -> N7 -> N6,True,3.466408064815788,3.466408064815788,0.0,True,3.0,3.0,0.0,472.30789209287326,472.30789209287326,0.8247497605944846,0.8247497605944846,22.20374545689568,22.20374545689568,,,,,,,,,,,,,,,,,,,,,,,,,,,,,,,,,,,,,,,,
,N2,N6,,,,,,,,,,,,,,,,random_network.trials,,,,,,,,,,,,,,,,,,,,,,,,,,8.0,20261038.0,balanced,True,N2 -> N9 -> N7 -> N6,N2 -> N9 -> N7 -> N6,True,4.901217504097207,4.901217504097207,0.0,True,3.0,3.0,0.0,472.30789209287326,472.30789209287326,0.8247497605944846,0.8247497605944846,22.20374545689568,22.20374545689568,,,,,,,,,,,,,,,,,,,,,,,,,,,,,,,,,,,,,,,,
,N2,N6,,,,,,,,,,,,,,,,random_network.trials,,,,,,,,,,,,,,,,,,,,,,,,,,8.0,20261038.0,quality-heavy,True,N2 -> N9 -> N7 -> N6,N2 -> N9 -> N7 -> N6,True,8.309356187390973,8.309356187390973,0.0,True,3.0,3.0,0.0,472.30789209287326,472.30789209287326,0.8247497605944846,0.8247497605944846,22.20374545689568,22.20374545689568,,,,,,,,,,,,,,,,,,,,,,,,,,,,,,,,,,,,,,,,
,N1,N5,,,,,,,,,,,,,,,,random_network.trials,,,,,,,,,,,,,,,,,,,,,,,,,,9.0,20261039.0,distance-heavy,False,N1 -> N4 -> N5,N1 -> N4 -> N5,True,1.4646143872475115,1.4646143872475115,0.0,True,2.0,2.0,0.0,290.07000159626256,290.07000159626256,0.9578332962209594,0.9578332962209594,14.591432300440081,14.591432300440081,,,,,,,,,,,,,,,,,,,,,,,,,,,,,,,,,,,,,,,,
,N1,N5,,,,,,,,,,,,,,,,random_network.trials,,,,,,,,,,,,,,,,,,,,,,,,,,9.0,20261039.0,balanced,False,N1 -> N4 -> N5,N1 -> N4 -> N5,True,1.252467252324022,1.252467252324022,0.0,True,2.0,2.0,0.0,290.07000159626256,290.07000159626256,0.9578332962209594,0.9578332962209594,14.591432300440081,14.591432300440081,,,,,,,,,,,,,,,,,,,,,,,,,,,,,,,,,,,,,,,,
,N1,N5,,,,,,,,,,,,,,,,random_network.trials,,,,,,,,,,,,,,,,,,,,,,,,,,9.0,20261039.0,quality-heavy,False,N1 -> N4 -> N5,N1 -> N4 -> N5,True,1.5955179529969954,1.5955179529969954,0.0,True,2.0,2.0,0.0,290.07000159626256,290.07000159626256,0.9578332962209594,0.9578332962209594,14.591432300440081,14.591432300440081,,,,,,,,,,,,,,,,,,,,,,,,,,,,,,,,,,,,,,,,
,N0,N8,,,,,,,,,,,,,,,,random_network.trials,,,,,,,,,,,,,,,,,,,,,,,,,,10.0,20261040.0,distance-heavy,True,N0 -> N2 -> N8,N0 -> N2 -> N8,True,3.224589760004929,3.224589760004929,0.0,True,2.0,2.0,0.0,386.8232101188617,386.8232101188617,0.7628100875867683,0.7628100875867683,27.032276300300563,27.032276300300563,,,,,,,,,,,,,,,,,,,,,,,,,,,,,,,,,,,,,,,,
,N0,N8,,,,,,,,,,,,,,,,random_network.trials,,,,,,,,,,,,,,,,,,,,,,,,,,10.0,20261040.0,balanced,True,N0 -> N9 -> N11 -> N8,N0 -> N9 -> N11 -> N8,True,4.31251543381985,4.31251543381985,0.0,True,3.0,3.0,0.0,750.3445886148866,750.3445886148866,0.8163210088726245,0.8163210088726245,20.71597433288975,20.71597433288975,,,,,,,,,,,,,,,,,,,,,,,,,,,,,,,,,,,,,,,,
,N0,N8,,,,,,,,,,,,,,,,random_network.trials,,,,,,,,,,,,,,,,,,,,,,,,,,10.0,20261040.0,quality-heavy,True,N0 -> N9 -> N11 -> N8,N0 -> N9 -> N11 -> N8,True,5.414767006453864,5.414767006453864,0.0,True,3.0,3.0,0.0,750.3445886148866,750.3445886148866,0.8163210088726245,0.8163210088726245,20.71597433288975,20.71597433288975,,,,,,,,,,,,,,,,,,,,,,,,,,,,,,,,,,,,,,,,
,N0,N11,,,,,,,,,,,,,,,,random_network.trials,,,,,,,,,,,,,,,,,,,,,,,,,,11.0,20261041.0,distance-heavy,True,N0 -> N4 -> N11,N0 -> N4 -> N11,True,4.348106163585522,4.348106163585522,0.0,True,2.0,2.0,0.0,575.9299956700079,575.9299956700079,0.8358345519417794,0.8358345519417794,16.35628435864362,16.35628435864362,,,,,,,,,,,,,,,,,,,,,,,,,,,,,,,,,,,,,,,,
,N0,N11,,,,,,,,,,,,,,,,random_network.trials,,,,,,,,,,,,,,,,,,,,,,,,,,11.0,20261041.0,balanced,True,N0 -> N4 -> N11,N0 -> N4 -> N11,True,4.337713528046791,4.337713528046791,0.0,True,2.0,2.0,0.0,575.9299956700079,575.9299956700079,0.8358345519417794,0.8358345519417794,16.35628435864362,16.35628435864362,,,,,,,,,,,,,,,,,,,,,,,,,,,,,,,,,,,,,,,,
,N0,N11,,,,,,,,,,,,,,,,random_network.trials,,,,,,,,,,,,,,,,,,,,,,,,,,11.0,20261041.0,quality-heavy,True,N0 -> N4 -> N11,N0 -> N4 -> N11,True,6.68082511961731,6.68082511961731,0.0,True,2.0,2.0,0.0,575.9299956700079,575.9299956700079,0.8358345519417794,0.8358345519417794,16.35628435864362,16.35628435864362,,,,,,,,,,,,,,,,,,,,,,,,,,,,,,,,,,,,,,,,
,N2,N4,,,,,,,,,,,,,,,,random_network.trials,,,,,,,,,,,,,,,,,,,,,,,,,,12.0,20261042.0,distance-heavy,True,N2 -> N6 -> N4,N2 -> N6 -> N4,True,2.232896020395164,2.232896020395164,0.0,True,2.0,2.0,0.0,252.0592180192269,252.0592180192269,0.7146857230283634,0.7146857230283634,20.876406437473687,20.876406437473687,,,,,,,,,,,,,,,,,,,,,,,,,,,,,,,,,,,,,,,,
,N2,N4,,,,,,,,,,,,,,,,random_network.trials,,,,,,,,,,,,,,,,,,,,,,,,,,12.0,20261042.0,balanced,True,N2 -> N6 -> N4,N2 -> N6 -> N4,True,5.4328850426913675,5.4328850426913675,0.0,True,2.0,2.0,0.0,252.0592180192269,252.0592180192269,0.7146857230283634,0.7146857230283634,20.876406437473687,20.876406437473687,,,,,,,,,,,,,,,,,,,,,,,,,,,,,,,,,,,,,,,,
,N2,N4,,,,,,,,,,,,,,,,random_network.trials,,,,,,,,,,,,,,,,,,,,,,,,,,12.0,20261042.0,quality-heavy,True,N2 -> N6 -> N4,N2 -> N6 -> N4,True,10.215733877398838,10.215733877398838,0.0,True,2.0,2.0,0.0,252.0592180192269,252.0592180192269,0.7146857230283634,0.7146857230283634,20.876406437473687,20.876406437473687,,,,,,,,,,,,,,,,,,,,,,,,,,,,,,,,,,,,,,,,
,N2,N10,,,,,,,,,,,,,,,,random_network.trials,,,,,,,,,,,,,,,,,,,,,,,,,,13.0,20261043.0,distance-heavy,False,N2 -> N7 -> N5 -> N4 -> N10,N2 -> N7 -> N5 -> N4 -> N10,True,3.0777828103834253,3.0777828103834253,0.0,True,4.0,4.0,0.0,382.2259405722038,382.2259405722038,0.5339295177548427,0.5339295177548427,40.962019771150175,40.962019771150175,,,,,,,,,,,,,,,,,,,,,,,,,,,,,,,,,,,,,,,,
,N2,N10,,,,,,,,,,,,,,,,random_network.trials,,,,,,,,,,,,,,,,,,,,,,,,,,13.0,20261043.0,balanced,False,N2 -> N3 -> N6 -> N10,N2 -> N3 -> N6 -> N10,True,4.498069587378116,4.498069587378116,0.0,True,3.0,3.0,0.0,573.2983657557875,573.2983657557875,0.9435870397474021,0.9435870397474021,37.66826410208736,37.66826410208736,,,,,,,,,,,,,,,,,,,,,,,,,,,,,,,,,,,,,,,,
,N2,N10,,,,,,,,,,,,,,,,random_network.trials,,,,,,,,,,,,,,,,,,,,,,,,,,13.0,20261043.0,quality-heavy,False,N2 -> N3 -> N6 -> N10,N2 -> N3 -> N6 -> N10,True,6.295878367042435,6.295878367042435,0.0,True,3.0,3.0,0.0,573.2983657557875,573.2983657557875,0.9435870397474021,0.9435870397474021,37.66826410208736,37.66826410208736,,,,,,,,,,,,,,,,,,,,,,,,,,,,,,,,,,,,,,,,
,N8,N9,,,,,,,,,,,,,,,,random_network.trials,,,,,,,,,,,,,,,,,,,,,,,,,,14.0,20261044.0,distance-heavy,True,N8 -> N9,N8 -> N9,True,2.325344036246699,2.325344036246699,0.0,True,1.0,1.0,0.0,268.8036913150494,268.8036913150494,0.8145394629177571,0.8145394629177571,3.7187532338109026,3.7187532338109026,,,,,,,,,,,,,,,,,,,,,,,,,,,,,,,,,,,,,,,,
,N8,N9,,,,,,,,,,,,,,,,random_network.trials,,,,,,,,,,,,,,,,,,,,,,,,,,14.0,20261044.0,balanced,True,N8 -> N9,N8 -> N9,True,3.0971664227288693,3.0971664227288693,0.0,True,1.0,1.0,0.0,268.8036913150494,268.8036913150494,0.8145394629177571,0.8145394629177571,3.7187532338109026,3.7187532338109026,,,,,,,,,,,,,,,,,,,,,,,,,,,,,,,,,,,,,,,,
,N8,N9,,,,,,,,,,,,,,,,random_network.trials,,,,,,,,,,,,,,,,,,,,,,,,,,14.0,20261044.0,quality-heavy,True,N8 -> N9,N8 -> N9,True,5.492932601028384,5.492932601028384,0.0,True,1.0,1.0,0.0,268.8036913150494,268.8036913150494,0.8145394629177571,0.8145394629177571,3.7187532338109026,3.7187532338109026,,,,,,,,,,,,,,,,,,,,,,,,,,,,,,,,,,,,,,,,
,N1,N4,,,,,,,,,,,,,,,,random_network.trials,,,,,,,,,,,,,,,,,,,,,,,,,,15.0,20261045.0,distance-heavy,True,N1 -> N2 -> N7 -> N4,N1 -> N2 -> N7 -> N4,True,5.267972166012579,5.267972166012579,0.0,True,3.0,3.0,0.0,648.9558969998177,648.9558969998177,0.6613683437995284,0.6613683437995284,18.984181408203515,18.984181408203515,,,,,,,,,,,,,,,,,,,,,,,,,,,,,,,,,,,,,,,,
,N1,N4,,,,,,,,,,,,,,,,random_network.trials,,,,,,,,,,,,,,,,,,,,,,,,,,15.0,20261045.0,balanced,True,N1 -> N2 -> N7 -> N4,N1 -> N2 -> N7 -> N4,True,6.705496090779415,6.705496090779415,0.0,True,3.0,3.0,0.0,648.9558969998177,648.9558969998177,0.6613683437995284,0.6613683437995284,18.984181408203515,18.984181408203515,,,,,,,,,,,,,,,,,,,,,,,,,,,,,,,,,,,,,,,,
,N1,N4,,,,,,,,,,,,,,,,random_network.trials,,,,,,,,,,,,,,,,,,,,,,,,,,15.0,20261045.0,quality-heavy,True,N1 -> N9 -> N3 -> N11 -> N4,N1 -> N9 -> N3 -> N11 -> N4,True,10.003234802347368,10.003234802347368,0.0,True,4.0,4.0,0.0,853.1942502873488,853.1942502873488,0.7550364072464874,0.7550364072464874,51.85036695465286,51.85036695465286,,,,,,,,,,,,,,,,,,,,,,,,,,,,,,,,,,,,,,,,
,N0,N8,,,,,,,,,,,,,,,,random_network.trials,,,,,,,,,,,,,,,,,,,,,,,,,,16.0,20261046.0,distance-heavy,True,N0 -> N8,N0 -> N8,True,0.45119035674793123,0.45119035674793123,0.0,True,1.0,1.0,0.0,108.94927114032643,108.94927114032643,0.8521614527479515,0.8521614527479515,3.024413175657607,3.024413175657607,,,,,,,,,,,,,,,,,,,,,,,,,,,,,,,,,,,,,,,,
,N0,N8,,,,,,,,,,,,,,,,random_network.trials,,,,,,,,,,,,,,,,,,,,,,,,,,16.0,20261046.0,balanced,True,N0 -> N8,N0 -> N8,True,1.8354449841974831,1.8354449841974831,0.0,True,1.0,1.0,0.0,108.94927114032643,108.94927114032643,0.8521614527479515,0.8521614527479515,3.024413175657607,3.024413175657607,,,,,,,,,,,,,,,,,,,,,,,,,,,,,,,,,,,,,,,,
,N0,N8,,,,,,,,,,,,,,,,random_network.trials,,,,,,,,,,,,,,,,,,,,,,,,,,16.0,20261046.0,quality-heavy,True,N0 -> N8,N0 -> N8,True,3.761400357882014,3.761400357882014,0.0,True,1.0,1.0,0.0,108.94927114032643,108.94927114032643,0.8521614527479515,0.8521614527479515,3.024413175657607,3.024413175657607,,,,,,,,,,,,,,,,,,,,,,,,,,,,,,,,,,,,,,,,
,N4,N10,,,,,,,,,,,,,,,,random_network.trials,,,,,,,,,,,,,,,,,,,,,,,,,,17.0,20261047.0,distance-heavy,True,N4 -> N11 -> N0 -> N10,N4 -> N11 -> N0 -> N10,True,3.265511207427603,3.265511207427603,0.0,True,3.0,3.0,0.0,429.2841037504184,429.2841037504184,0.7328472137528044,0.7328472137528044,47.7271501718146,47.7271501718146,,,,,,,,,,,,,,,,,,,,,,,,,,,,,,,,,,,,,,,,
,N4,N10,,,,,,,,,,,,,,,,random_network.trials,,,,,,,,,,,,,,,,,,,,,,,,,,17.0,20261047.0,balanced,True,N4 -> N11 -> N10,N4 -> N11 -> N10,True,5.163268225346592,5.163268225346592,0.0,True,2.0,2.0,0.0,465.2167676577165,465.2167676577165,0.7385772190518517,0.7385772190518517,25.257168126294648,25.257168126294648,,,,,,,,,,,,,,,,,,,,,,,,,,,,,,,,,,,,,,,,
,N4,N10,,,,,,,,,,,,,,,,random_network.trials,,,,,,,,,,,,,,,,,,,,,,,,,,17.0,20261047.0,quality-heavy,True,N4 -> N11 -> N10,N4 -> N11 -> N10,True,8.665928154288208,8.665928154288208,0.0,True,2.0,2.0,0.0,465.2167676577165,465.2167676577165,0.7385772190518517,0.7385772190518517,25.257168126294648,25.257168126294648,,,,,,,,,,,,,,,,,,,,,,,,,,,,,,,,,,,,,,,,
,N4,N11,,,,,,,,,,,,,,,,random_network.trials,,,,,,,,,,,,,,,,,,,,,,,,,,18.0,20261048.0,distance-heavy,True,N4 -> N7 -> N11,N4 -> N7 -> N11,True,2.4242902683926593,2.4242902683926593,0.0,True,2.0,2.0,0.0,365.6119172366558,365.6119172366558,0.9299397725386721,0.9299397725386721,21.86443932538593,21.86443932538593,,,,,,,,,,,,,,,,,,,,,,,,,,,,,,,,,,,,,,,,
,N4,N11,,,,,,,,,,,,,,,,random_network.trials,,,,,,,,,,,,,,,,,,,,,,,,,,18.0,20261048.0,balanced,True,N4 -> N7 -> N11,N4 -> N7 -> N11,True,2.949567995577273,2.949567995577273,0.0,True,2.0,2.0,0.0,365.6119172366558,365.6119172366558,0.9299397725386721,0.9299397725386721,21.86443932538593,21.86443932538593,,,,,,,,,,,,,,,,,,,,,,,,,,,,,,,,,,,,,,,,
,N4,N11,,,,,,,,,,,,,,,,random_network.trials,,,,,,,,,,,,,,,,,,,,,,,,,,18.0,20261048.0,quality-heavy,True,N4 -> N7 -> N11,N4 -> N7 -> N11,True,4.792486545231242,4.792486545231242,0.0,True,2.0,2.0,0.0,365.6119172366558,365.6119172366558,0.9299397725386721,0.9299397725386721,21.86443932538593,21.86443932538593,,,,,,,,,,,,,,,,,,,,,,,,,,,,,,,,,,,,,,,,
,N6,N8,,,,,,,,,,,,,,,,random_network.trials,,,,,,,,,,,,,,,,,,,,,,,,,,19.0,20261049.0,distance-heavy,True,N6 -> N8,N6 -> N8,True,0.2963131348737177,0.2963131348737177,0.0,True,1.0,1.0,0.0,50.59989204310761,50.59989204310761,0.873387961882869,0.873387961882869,8.316468591437332,8.316468591437332,,,,,,,,,,,,,,,,,,,,,,,,,,,,,,,,,,,,,,,,
,N6,N8,,,,,,,,,,,,,,,,random_network.trials,,,,,,,,,,,,,,,,,,,,,,,,,,19.0,20261049.0,balanced,True,N6 -> N8,N6 -> N8,True,1.5576505637958467,1.5576505637958467,0.0,True,1.0,1.0,0.0,50.59989204310761,50.59989204310761,0.873387961882869,0.873387961882869,8.316468591437332,8.316468591437332,,,,,,,,,,,,,,,,,,,,,,,,,,,,,,,,,,,,,,,,
,N6,N8,,,,,,,,,,,,,,,,random_network.trials,,,,,,,,,,,,,,,,,,,,,,,,,,19.0,20261049.0,quality-heavy,True,N6 -> N5 -> N8,N6 -> N5 -> N8,True,2.99181001182591,2.99181001182591,0.0,True,2.0,2.0,0.0,421.92235744973186,421.92235744973186,0.9017031241646761,0.9017031241646761,13.86917959803019,13.86917959803019,,,,,,,,,,,,,,,,,,,,,,,,,,,,,,,,,,,,,,,,
,,,,,,,,,,,,,,,,,,random_network.aggregate,,0.0,0.0,,,,,,,,,,,,,,,,,,,,,,,,,distance-heavy,,,,,,,,20,,,,,,,,,,20.0,20.0,20.0,2.8714578167478217,2.8714578167478217,0.0,0.0,385.8085311799955,385.8085311799955,0.7903752251271127,0.7903752251271127,,,,,,,,,,,,,,,,,,,,,,,,,,,,,
,,,,,,,,,,,,,,,,,,random_network.aggregate,,0.0,0.0,,,,,,,,,,,,,,,,,,,,,,,,,balanced,,,,,,,,20,,,,,,,,,,20.0,20.0,20.0,3.8980113603236957,3.8980113603236957,0.0,0.0,441.7811331137783,441.7811331137783,0.8326619033195615,0.8326619033195615,,,,,,,,,,,,,,,,,,,,,,,,,,,,,
,,,,,,,,,,,,,,,,,,random_network.aggregate,,0.0,0.0,,,,,,,,,,,,,,,,,,,,,,,,,quality-heavy,,,,,,,,20,,,,,,,,,,20.0,20.0,20.0,6.103298603617767,6.103298603617767,0.0,0.0,475.51924711382014,475.51924711382014,0.8383651566063477,0.8383651566063477,,,,,,,,,,,,,,,,,,,,,,,,,,,,,
,A,F,A -> B -> C -> F,3.0,1.8499278499278495,1.8499278499278495,,350.0,0.0,,,8.5,,,,,,noise_sweep.sweep,,,,,,,,,,0.9991712538397014,0.866016,0.0007897043722816599,0.1331552538397014,,,,,,,,,,,,,,,,,,,,,,,,,,,,,,,,,,,,,,,,,,,,0.0,0.866016,0.0,,,,,,,,,,,,,,,,,,,,,,,,,,
,A,F,A -> B -> C -> F,3.0,1.8499278499278495,1.8499278499278495,,350.0,0.15000000000000002,,,8.5,,,,,,noise_sweep.sweep,,,,,,,,,,0.9996919617390199,0.866016,0.0007897043722816599,0.13367596173901986,,,,,,,,,,,,,,,,,,,,,,,,,,,,,,,,,,,,,,,,,,,,0.05,0.866016,0.05000000000000001,,,,,,,,,,,,,,,,,,,,,,,,,,
,A,F,A -> B -> C -> F,3.0,1.8499278499278495,1.8499278499278495,,350.0,0.30000000000000004,,,8.5,,,,,,noise_sweep.sweep,,,,,,,,,,0.9996299726018338,0.866016,0.0007897043722816599,0.13361397260183383,,,,,,,,,,,,,,,,,,,,,,,,,,,,,,,,,,,,,,,,,,,,0.1,0.866016,0.10000000000000002,,,,,,,,,,,,,,,,,,,,,,,,,,
,A,F,A -> B -> C -> F,3.0,1.8499278499278495,1.8499278499278495,,350.0,0.6000000000000001,,,8.5,,,,,,noise_sweep.sweep,,,,,,,,,,0.9997320171879462,0.866016,0.0007897043722816599,0.13371601718794623,,,,,,,,,,,,,,,,,,,,,,,,,,,,,,,,,,,,,,,,,,,,0.2,0.866016,0.20000000000000004,,,,,,,,,,,,,,,,,,,,,,,,,,
,A,F,A -> B -> C -> F,3.0,1.8499278499278495,1.8499278499278495,,350.0,0.8999999999999999,,,8.5,,,,,,noise_sweep.sweep,,,,,,,,,,0.9996738429812629,0.866016,0.0007897043722816599,0.13365784298126293,,,,,,,,,,,,,,,,,,,,,,,,,,,,,,,,,,,,,,,,,,,,0.3,0.866016,0.3,,,,,,,,,,,,,,,,,,,,,,,,,,
,A,F,A -> B -> C -> F,3.0,1.8499278499278495,1.8499278499278495,,350.0,1.2000000000000002,,,8.5,,,,,,noise_sweep.sweep,,,,,,,,,,0.9996099467210472,0.866016,0.0007897043722816599,0.13359394672104719,,,,,,,,,,,,,,,,,,,,,,,,,,,,,,,,,,,,,,,,,,,,0.4,0.866016,0.4000000000000001,,,,,,,,,,,,,,,,,,,,,,,,,,
,A,B,,,,,,,,,,,,,,,,noise_sweep.sweep_hops,,,,,,,,,,,,,,0.0,120.0,0.0,0.97,2.0,0.9997557997412337,1024.0,800.0,0.97,0.9975031223974601,,,,,,,,,,,,,,,,,,,,,,,,,,,,,,,,,,0.0,,,,,,,,,,,,,,,,,,,,,,,,,,,,
,B,C,,,,,,,,,,,,,,,,noise_sweep.sweep_hops,,,,,,,,,,,,,,1.0,140.0,0.0,0.96,2.5,0.9997243121187509,1024.0,800.0,0.96,0.9968798777302081,,,,,,,,,,,,,,,,,,,,,,,,,,,,,,,,,,0.0,,,,,,,,,,,,,,,,,,,,,,,,,,,,
,C,F,,,,,,,,,,,,,,,,noise_sweep.sweep_hops,,,,,,,,,,,,,,2.0,90.0,0.0,0.93,4.0,0.9996909139873212,1024.0,2000.0,0.93,0.9980019986673331,,,,,,,,,,,,,,,,,,,,,,,,,,,,,,,,,,0.0,,,,,,,,,,,,,,,,,,,,,,,,,,,,
,A,B,,,,,,,,,,,,,,,,noise_sweep.sweep_hops,,,,,,,,,,,,,,0.0,120.0,0.05,0.97,2.0,0.999884592088729,1024.0,800.0,0.97,0.9975031223974601,,,,,,,,,,,,,,,,,,,,,,,,,,,,,,,,,,0.05,,,,,,,,,,,,,,,,,,,,,,,,,,,,
,B,C,,,,,,,,,,,,,,,,noise_sweep.sweep_hops,,,,,,,,,,,,,,1.0,140.0,0.05,0.96,2.5,0.999884592088729,1024.0,800.0,0.96,0.9968798777302081,,,,,,,,,,,,,,,,,,,,,,,,,,,,,,,,,,0.05,,,,,,,,,,,,,,,,,,,,,,,,,,,,
,C,F,,,,,,,,,,,,,,,,noise_sweep.sweep_hops,,,,,,,,,,,,,,2.0,90.0,0.05,0.93,4.0,0.9999227464122543,1024.0,2000.0,0.93,0.9980019986673331,,,,,,,,,,,,,,,,,,,,,,,,,,,,,,,,,,0.05,,,,,,,,,,,,,,,,,,,,,,,,,,,,
,A,B,,,,,,,,,,,,,,,,noise_sweep.sweep_hops,,,,,,,,,,,,,,0.0,120.0,0.1,0.97,2.0,0.9998626520339738,1024.0,800.0,0.97,0.9975031223974601,,,,,,,,,,,,,,,,,,,,,,,,,,,,,,,,,,0.1,,,,,,,,,,,,,,,,,,,,,,,,,,,,
,B,C,,,,,,,,,,,,,,,,noise_sweep.sweep_hops,,,,,,,,,,,,,,1.0,140.0,0.1,0.96,2.5,0.9998626520339738,1024.0,800.0,0.96,0.9968798777302081,,,,,,,,,,,,,,,,,,,,,,,,,,,,,,,,,,0.1,,,,,,,,,,,,,,,,,,,,,,,,,,,,
,C,F,,,,,,,,,,,,,,,,noise_sweep.sweep_hops,,,,,,,,,,,,,,2.0,90.0,0.1,0.93,4.0,0.9999046234716773,1024.0,2000.0,0.93,0.9980019986673331,,,,,,,,,,,,,,,,,,,,,,,,,,,,,,,,,,0.1,,,,,,,,,,,,,,,,,,,,,,,,,,,,
,A,B,,,,,,,,,,,,,,,,noise_sweep.sweep_hops,,,,,,,,,,,,,,0.0,120.0,0.2,0.97,2.0,0.9999227464122543,1024.0,800.0,0.97,0.9975031223974601,,,,,,,,,,,,,,,,,,,,,,,,,,,,,,,,,,0.2,,,,,,,,,,,,,,,,,,,,,,,,,,,,
,B,C,,,,,,,,,,,,,,,,noise_sweep.sweep_hops,,,,,,,,,,,,,,1.0,140.0,0.2,0.96,2.5,0.9999046234716773,1024.0,800.0,0.96,0.9968798777302081,,,,,,,,,,,,,,,,,,,,,,,,,,,,,,,,,,0.2,,,,,,,,,,,,,,,,,,,,,,,,,,,,
,C,F,,,,,,,,,,,,,,,,noise_sweep.sweep_hops,,,,,,,,,,,,,,2.0,90.0,0.2,0.93,4.0,0.9999046234716773,1024.0,2000.0,0.93,0.9980019986673331,,,,,,,,,,,,,,,,,,,,,,,,,,,,,,,,,,0.2,,,,,,,,,,,,,,,,,,,,,,,,,,,,
,A,B,,,,,,,,,,,,,,,,noise_sweep.sweep_hops,,,,,,,,,,,,,,0.0,120.0,0.3,0.97,2.0,0.999884592088729,1024.0,800.0,0.97,0.9975031223974601,,,,,,,,,,,,,,,,,,,,,,,,,,,,,,,,,,0.3,,,,,,,,,,,,,,,,,,,,,,,,,,,,
,B,C,,,,,,,,,,,,,,,,noise_sweep.sweep_hops,,,,,,,,,,,,,,1.0,140.0,0.3,0.96,2.5,0.999884592088729,1024.0,800.0,0.96,0.9968798777302081,,,,,,,,,,,,,,,,,,,,,,,,,,,,,,,,,,0.3,,,,,,,,,,,,,,,,,,,,,,,,,,,,
,C,F,,,,,,,,,,,,,,,,noise_sweep.sweep_hops,,,,,,,,,,,,,,2.0,90.0,0.3,0.93,4.0,0.9999046234716773,1024.0,2000.0,0.93,0.9980019986673331,,,,,,,,,,,,,,,,,,,,,,,,,,,,,,,,,,0.3,,,,,,,,,,,,,,,,,,,,,,,,,,,,
,A,B,,,,,,,,,,,,,,,,noise_sweep.sweep_hops,,,,,,,,,,,,,,0.0,120.0,0.4,0.97,2.0,0.999884592088729,1024.0,800.0,0.97,0.9975031223974601,,,,,,,,,,,,,,,,,,,,,,,,,,,,,,,,,,0.4,,,,,,,,,,,,,,,,,,,,,,,,,,,,
,B,C,,,,,,,,,,,,,,,,noise_sweep.sweep_hops,,,,,,,,,,,,,,1.0,140.0,0.4,0.96,2.5,0.9998626520339738,1024.0,800.0,0.96,0.9968798777302081,,,,,,,,,,,,,,,,,,,,,,,,,,,,,,,,,,0.4,,,,,,,,,,,,,,,,,,,,,,,,,,,,
,C,F,,,,,,,,,,,,,,,,noise_sweep.sweep_hops,,,,,,,,,,,,,,2.0,90.0,0.4,0.93,4.0,0.9998626520339738,1024.0,2000.0,0.93,0.9980019986673331,,,,,,,,,,,,,,,,,,,,,,,,,,,,,,,,,,0.4,,,,,,,,,,,,,,,,,,,,,,,,,,,,
,,,A -> B -> C -> F,3.0,,0.4470707070707071,,350.0,0.21000000000000002,,0.866016,8.5,,,,,,weight_sweep.grid,,,,,,,,,,,,,,,,,,,,,,,,,,,,,,,,,,,,,,,,,,,,,,,,,,,,,,,,,,,,0.0,0.0,1.0,0.5,0.25,0.0,,,,,,,,,,,,,,,,,,,,
,,,A -> B -> C -> F,3.0,,0.78040404040404,,350.0,0.21000000000000002,,0.866016,8.5,,,,,,weight_sweep.grid,,,,,,,,,,,,,,,,,,,,,,,,,,,,,,,,,,,,,,,,,,,,,,,,,,,,,,,,,,,,0.0,1.0,1.0,0.5,0.25,0.0,,,,,,,,,,,,,,,,,,,,
,,,A -> B -> C -> F,3.0,,1.447070707070706,,350.0,0.21000000000000002,,0.866016,8.5,,,,,,weight_sweep.grid,,,,,,,,,,,,,,,,,,,,,,,,,,,,,,,,,,,,,,,,,,,,,,,,,,,,,,,,,,,,0.0,3.0,1.0,0.5,0.25,0.0,,,,,,,,,,,,,,,,,,,,
,,,A -> B -> C -> F,3.0,,1.0184992784992786,,350.0,0.21000000000000002,,0.866016,8.5,,,,,,weight_sweep.grid,,,,,,,,,,,,,,,,,,,,,,,,,,,,,,,,,,,,,,,,,,,,,,,,,,,,,,,,,,,,0.5,0.0,1.0,0.5,0.25,0.0,,,,,,,,,,,,,,,,,,,,
,,,A -> B -> C -> F,3.0,,1.3518326118326116,,350.0,0.21000000000000002,,0.866016,8.5,,,,,,weight_sweep.grid,,,,,,,,,,,,,,,,,,,,,,,,,,,,,,,,,,,,,,,,,,,,,,,,,,,,,,,,,,,,0.5,1.0,1.0,0.5,0.25,0.0,,,,,,,,,,,,,,,,,,,,
,,,A -> B -> C -> F,3.0,,2.0184992784992772,,350.0,0.21000000000000002,,0.866016,8.5,,,,,,weight_sweep.grid,,,,,,,,,,,,,,,,,,,,,,,,,,,,,,,,,,,,,,,,,,,,,,,,,,,,,,,,,,,,0.5,3.0,1.0,0.5,0.25,0.0,,,,,,,,,,,,,,,,,,,,
,,,A -> B -> C -> F,3.0,,1.5899278499278497,,350.0,0.21000000000000002,,0.866016,8.5,,,,,,weight_sweep.grid,,,,,,,,,,,,,,,,,,,,,,,,,,,,,,,,,,,,,,,,,,,,,,,,,,,,,,,,,,,,1.0,0.0,1.0,0.5,0.25,0.0,,,,,,,,,,,,,,,,,,,,
,,,A -> B -> C -> F,3.0,,1.9232611832611828,,350.0,0.21000000000000002,,0.866016,8.5,,,,,,weight_sweep.grid,,,,,,,,,,,,,,,,,,,,,,,,,,,,,,,,,,,,,,,,,,,,,,,,,,,,,,,,,,,,1.0,1.0,1.0,0.5,0.25,0.0,,,,,,,,,,,,,,,,,,,,
,,,A -> B -> C -> F,3.0,,2.589927849927849,,350.0,0.21000000000000002,,0.866016,8.5,,,,,,weight_sweep.grid,,,,,,,,,,,,,,,,,,,,,,,,,,,,,,,,,,,,,,,,,,,,,,,,,,,,,,,,,,,,1.0,3.0,1.0,0.5,0.25,0.0,,,,,,,,,,,,,,,,,,,,
,,,A -> B -> C -> F,3.0,,2.7327849927849925,,350.0,0.21000000000000002,,0.866016,8.5,,,,,,weight_sweep.grid,,,,,,,,,,,,,,,,,,,,,,,,,,,,,,,,,,,,,,,,,,,,,,,,,,,,,,,,,,,,2.0,0.0,1.0,0.5,0.25,0.0,,,,,,,,,,,,,,,,,,,,
,,,A -> B -> C -> F,3.0,,3.0661183261183256,,350.0,0.21000000000000002,,0.866016,8.5,,,,,,weight_sweep.grid,,,,,,,,,,,,,,,,,,,,,,,,,,,,,,,,,,,,,,,,,,,,,,,,,,,,,,,,,,,,2.0,1.0,1.0,0.5,0.25,0.0,,,,,,,,,,,,,,,,,,,,
,,,A -> B -> C -> F,3.0,,3.7327849927849917,,350.0,0.21000000000000002,,0.866016,8.5,,,,,,weight_sweep.grid,,,,,,,,,,,,,,,,,,,,,,,,,,,,,,,,,,,,,,,,,,,,,,,,,,,,,,,,,,,,2.0,3.0,1.0,0.5,0.25,0.0,,,,,,,,,,,,,,,,,,,,
,,,A -> B -> C -> F,3.0,,,,,,,,,,,,,,weight_sweep.selected_paths,,,,,,,,,,,,,,,,,,,,,,,,,,,,,,,,,,,,,,,,,,,,,,,,,,,,,,,,,,,,,,,,,,12.0,1.0,,,,,,,,,,,,,,,,,,
,A,F,A -> B -> C -> F,3.0,3.4302446148714965,2.0899278499278493,1.340316764943647,,,,,,,,,,,qw_prior_ablation.ablation,,,,,,,,,,,,,,,,,,,,,,,,,,,,,,A -> B -> C -> F,,,2.0899278499278493,,0.0,,,,,,,,,,,,,,,,,,,,,,,,,,,,,,,,,example-6-node,complete-graph-fallback,4.0,1.0,True,True,,,,,,,,,,,,
,A,F,A -> B -> C -> F,3.0,4.770561379815143,2.0899278499278493,2.680633529887294,,,,,,,,,,,qw_prior_ablation.ablation,,,,,,,,,,,,,,,,,,,,,,,,,,,,,,A -> B -> C -> F,,,2.0899278499278493,,0.0,,,,,,,,,,,,,,,,,,,,,,,,,,,,,,,,,example-6-node,complete-graph-fallback,4.0,2.0,True,True,,,,,,,,,,,,
,A,F,A -> B -> C -> F,3.0,7.451194909702437,2.0899278499278493,5.361267059774588,,,,,,,,,,,qw_prior_ablation.ablation,,,,,,,,,,,,,,,,,,,,,,,,,,,,,,A -> B -> C -> F,,,2.0899278499278493,,0.0,,,,,,,,,,,,,,,,,,,,,,,,,,,,,,,,,example-6-node,complete-graph-fallback,4.0,4.0,True,True,,,,,,,,,,,,
,A,F,A -> B -> C -> F,3.0,3.465904058364844,2.0899278499278493,1.3759762084369949,,,,,,,,,,,qw_prior_ablation.ablation,,,,,,,,,,,,,,,,,,,,,,,,,,,,,,A -> B -> C -> F,,,2.0899278499278493,,0.0,,,,,,,,,,,,,,,,,,,,,,,,,,,,,,,,,example-6-node,complete-graph-fallback,8.0,1.0,True,True,,,,,,,,,,,,
,A,F,A -> B -> C -> F,3.0,4.841880266801839,2.0899278499278493,2.7519524168739897,,,,,,,,,,,qw_prior_ablation.ablation,,,,,,,,,,,,,,,,,,,,,,,,,,,,,,A -> B -> C -> F,,,2.0899278499278493,,0.0,,,,,,,,,,,,,,,,,,,,,,,,,,,,,,,,,example-6-node,complete-graph-fallback,8.0,2.0,True,True,,,,,,,,,,,,
,A,F,A -> B -> C -> F,3.0,7.593832683675828,2.0899278499278493,5.5039048337479795,,,,,,,,,,,qw_prior_ablation.ablation,,,,,,,,,,,,,,,,,,,,,,,,,,,,,,A -> B -> C -> F,,,2.0899278499278493,,0.0,,,,,,,,,,,,,,,,,,,,,,,,,,,,,,,,,example-6-node,complete-graph-fallback,8.0,4.0,True,True,,,,,,,,,,,,
,A,F,A -> B -> C -> F,3.0,3.6413362556324045,2.0899278499278493,1.5514084057045552,,,,,,,,,,,qw_prior_ablation.ablation,,,,,,,,,,,,,,,,,,,,,,,,,,,,,,A -> B -> C -> F,,,2.0899278499278493,,0.0,,,,,,,,,,,,,,,,,,,,,,,,,,,,,,,,,example-6-node,complete-graph-fallback,16.0,1.0,True,True,,,,,,,,,,,,
,A,F,A -> B -> C -> F,3.0,5.19274466133696,2.0899278499278493,3.1028168114091104,,,,,,,,,,,qw_prior_ablation.ablation,,,,,,,,,,,,,,,,,,,,,,,,,,,,,,A -> B -> C -> F,,,2.0899278499278493,,0.0,,,,,,,,,,,,,,,,,,,,,,,,,,,,,,,,,example-6-node,complete-graph-fallback,16.0,2.0,True,True,,,,,,,,,,,,
,A,F,A -> B -> C -> F,3.0,8.29556147274607,2.0899278499278493,6.205633622818221,,,,,,,,,,,qw_prior_ablation.ablation,,,,,,,,,,,,,,,,,,,,,,,,,,,,,,A -> B -> C -> F,,,2.0899278499278493,,0.0,,,,,,,,,,,,,,,,,,,,,,,,,,,,,,,,,example-6-node,complete-graph-fallback,16.0,4.0,True,True,,,,,,,,,,,,
,N2,N3,N2 -> N1 -> N3,2.0,3.7547450125905266,2.8331965744072467,0.9215484381832797,,,,,,,,,,,qw_prior_ablation.ablation,,,,,,,,,,,,,,,,,,,,,,,,,,,,,,N2 -> N1 -> N3,,,2.8331965744072467,,0.0,,,,,,,,,,,,,,,,,,,,,,,,,,,,,,,,,random-trial0,complete-graph-fallback,4.0,1.0,True,True,,,,,,,,,,,,
,N2,N3,N2 -> N1 -> N3,2.0,4.676293450773806,2.8331965744072467,1.8430968763665594,,,,,,,,,,,qw_prior_ablation.ablation,,,,,,,,,,,,,,,,,,,,,,,,,,,,,,N2 -> N1 -> N3,,,2.8331965744072467,,0.0,,,,,,,,,,,,,,,,,,,,,,,,,,,,,,,,,random-trial0,complete-graph-fallback,4.0,2.0,True,True,,,,,,,,,,,,
,N2,N3,N2 -> N5 -> N3,2.0,5.283096415115226,4.710797838954125,0.5722985761611007,,,,,,,,,,,qw_prior_ablation.ablation,,,,,,,,,,,,,,,,,,,,,,,,,,,,,,N2 -> N1 -> N3,,,2.8331965744072467,,1.8776012645468785,,,,,,,,,,,,,,,,,,,,,,,,,,,,,,,,,random-trial0,complete-graph-fallback,4.0,4.0,False,False,,,,,,,,,,,,
,N2,N3,N2 -> N1 -> N3,2.0,3.7944473718423524,2.8331965744072467,0.9612507974351056,,,,,,,,,,,qw_prior_ablation.ablation,,,,,,,,,,,,,,,,,,,,,,,,,,,,,,N2 -> N1 -> N3,,,2.8331965744072467,,0.0,,,,,,,,,,,,,,,,,,,,,,,,,,,,,,,,,random-trial0,complete-graph-fallback,8.0,1.0,True,True,,,,,,,,,,,,
,N2,N3,N2 -> N1 -> N3,2.0,4.755698169277458,2.8331965744072467,1.922501594870211,,,,,,,,,,,qw_prior_ablation.ablation,,,,,,,,,,,,,,,,,,,,,,,,,,,,,,N2 -> N1 -> N3,,,2.8331965744072467,,0.0,,,,,,,,,,,,,,,,,,,,,,,,,,,,,,,,,random-trial0,complete-graph-fallback,8.0,2.0,True,True,,,,,,,,,,,,
,N2,N3,N2 -> N5 -> N3,2.0,5.951151628252009,4.710797838954125,1.2403537892978838,,,,,,,,,,,qw_prior_ablation.ablation,,,,,,,,,,,,,,,,,,,,,,,,,,,,,,N2 -> N1 -> N3,,,2.8331965744072467,,1.8776012645468785,,,,,,,,,,,,,,,,,,,,,,,,,,,,,,,,,random-trial0,complete-graph-fallback,8.0,4.0,False,False,,,,,,,,,,,,
,N2,N3,N2 -> N1 -> N3,2.0,3.818912801106069,2.8331965744072467,0.9857162266988224,,,,,,,,,,,qw_prior_ablation.ablation,,,,,,,,,,,,,,,,,,,,,,,,,,,,,,N2 -> N1 -> N3,,,2.8331965744072467,,0.0,,,,,,,,,,,,,,,,,,,,,,,,,,,,,,,,,random-trial0,complete-graph-fallback,16.0,1.0,True,True,,,,,,,,,,,,
,N2,N3,N2 -> N1 -> N3,2.0,4.804629027804891,2.8331965744072467,1.9714324533976448,,,,,,,,,,,qw_prior_ablation.ablation,,,,,,,,,,,,,,,,,,,,,,,,,,,,,,N2 -> N1 -> N3,,,2.8331965744072467,,0.0,,,,,,,,,,,,,,,,,,,,,,,,,,,,,,,,,random-trial0,complete-graph-fallback,16.0,2.0,True,True,,,,,,,,,,,,
,N2,N3,N2 -> N1 -> N3,2.0,6.776061481202536,2.8331965744072467,3.9428649067952897,,,,,,,,,,,qw_prior_ablation.ablation,,,,,,,,,,,,,,,,,,,,,,,,,,,,,,N2 -> N1 -> N3,,,2.8331965744072467,,0.0,,,,,,,,,,,,,,,,,,,,,,,,,,,,,,,,,random-trial0,complete-graph-fallback,16.0,4.0,True,True,,,,,,,,,,,,
,N4,N6,N4 -> N1 -> N6,2.0,4.4225185085471015,3.500970070363822,0.9215484381832797,,,,,,,,,,,qw_prior_ablation.ablation,,,,,,,,,,,,,,,,,,,,,,,,,,,,,,N4 -> N1 -> N6,,,3.500970070363822,,0.0,,,,,,,,,,,,,,,,,,,,,,,,,,,,,,,,,random-trial1,complete-graph-fallback,4.0,1.0,True,True,,,,,,,,,,,,
,N4,N6,N4 -> N3 -> N6,2.0,4.753463448878458,4.1937898358051395,0.5596736130733174,,,,,,,,,,,qw_prior_ablation.ablation,,,,,,,,,,,,,,,,,,,,,,,,,,,,,,N4 -> N1 -> N6,,,3.500970070363822,,0.6928197654413175,,,,,,,,,,,,,,,,,,,,,,,,,,,,,,,,,random-trial1,complete-graph-fallback,4.0,2.0,False,False,,,,,,,,,,,,
,N4,N6,N4 -> N3 -> N6,2.0,5.313137061951775,4.1937898358051395,1.1193472261466348,,,,,,,,,,,qw_prior_ablation.ablation,,,,,,,,,,,,,,,,,,,,,,,,,,,,,,N4 -> N1 -> N6,,,3.500970070363822,,0.6928197654413175,,,,,,,,,,,,,,,,,,,,,,,,,,,,,,,,,random-trial1,complete-graph-fallback,4.0,4.0,False,False,,,,,,,,,,,,
,N4,N6,N4 -> N1 -> N6,2.0,4.462220867798927,3.500970070363822,0.9612507974351056,,,,,,,,,,,qw_prior_ablation.ablation,,,,,,,,,,,,,,,,,,,,,,,,,,,,,,N4 -> N1 -> N6,,,3.500970070363822,,0.0,,,,,,,,,,,,,,,,,,,,,,,,,,,,,,,,,random-trial1,complete-graph-fallback,8.0,1.0,True,True,,,,,,,,,,,,
,N4,N6,N4 -> N3 -> N6,2.0,5.013897575476688,4.1937898358051395,0.8201077396715478,,,,,,,,,,,qw_prior_ablation.ablation,,,,,,,,,,,,,,,,,,,,,,,,,,,,,,N4 -> N1 -> N6,,,3.500970070363822,,0.6928197654413175,,,,,,,,,,,,,,,,,,,,,,,,,,,,,,,,,random-trial1,complete-graph-fallback,8.0,2.0,False,False,,,,,,,,,,,,
,N4,N6,N4 -> N3 -> N6,2.0,5.834005315148236,4.1937898358051395,1.6402154793430956,,,,,,,,,,,qw_prior_ablation.ablation,,,,,,,,,,,,,,,,,,,,,,,,,,,,,,N4 -> N1 -> N6,,,3.500970070363822,,0.6928197654413175,,,,,,,,,,,,,,,,,,,,,,,,,,,,,,,,,random-trial1,complete-graph-fallback,8.0,4.0,False,False,,,,,,,,,,,,
,N4,N6,N4 -> N1 -> N6,2.0,4.4866862970626435,3.500970070363822,0.9857162266988224,,,,,,,,,,,qw_prior_ablation.ablation,,,,,,,,,,,,,,,,,,,,,,,,,,,,,,N4 -> N1 -> N6,,,3.500970070363822,,0.0,,,,,,,,,,,,,,,,,,,,,,,,,,,,,,,,,random-trial1,complete-graph-fallback,16.0,1.0,True,True,,,,,,,,,,,,
,N4,N6,N4 -> N3 -> N6,2.0,5.3858446771300965,4.1937898358051395,1.1920548413249568,,,,,,,,,,,qw_prior_ablation.ablation,,,,,,,,,,,,,,,,,,,,,,,,,,,,,,N4 -> N1 -> N6,,,3.500970070363822,,0.6928197654413175,,,,,,,,,,,,,,,,,,,,,,,,,,,,,,,,,random-trial1,complete-graph-fallback,16.0,2.0,False,False,,,,,,,,,,,,
,N4,N6,N4 -> N3 -> N6,2.0,6.5778995184550535,4.1937898358051395,2.3841096826499135,,,,,,,,,,,qw_prior_ablation.ablation,,,,,,,,,,,,,,,,,,,,,,,,,,,,,,N4 -> N1 -> N6,,,3.500970070363822,,0.6928197654413175,,,,,,,,,,,,,,,,,,,,,,,,,,,,,,,,,random-trial1,complete-graph-fallback,16.0,4.0,False,False,,,,,,,,,,,,
,N0,N6,N0 -> N2 -> N6,2.0,3.6479631969832784,3.3673753423569277,0.28058785462635066,,,,,,,,,,,qw_prior_ablation.ablation,,,,,,,,,,,,,,,,,,,,,,,,,,,,,,N0 -> N2 -> N6,,,3.3673753423569277,,0.0,,,,,,,,,,,,,,,,,,,,,,,,,,,,,,,,,random-trial2,complete-graph-fallback,4.0,1.0,True,True,,,,,,,,,,,,
,N0,N6,N0 -> N2 -> N6,2.0,3.928551051609629,3.3673753423569277,0.5611757092527013,,,,,,,,,,,qw_prior_ablation.ablation,,,,,,,,,,,,,,,,,,,,,,,,,,,,,,N0 -> N2 -> N6,,,3.3673753423569277,,0.0,,,,,,,,,,,,,,,,,,,,,,,,,,,,,,,,,random-trial2,complete-graph-fallback,4.0,2.0,True,True,,,,,,,,,,,,
,N0,N6,N0 -> N2 -> N6,2.0,4.489726760862331,3.3673753423569277,1.1223514185054027,,,,,,,,,,,qw_prior_ablation.ablation,,,,,,,,,,,,,,,,,,,,,,,,,,,,,,N0 -> N2 -> N6,,,3.3673753423569277,,0.0,,,,,,,,,,,,,,,,,,,,,,,,,,,,,,,,,random-trial2,complete-graph-fallback,4.0,4.0,True,True,,,,,,,,,,,,
,N0,N6,N0 -> N2 -> N6,2.0,3.8309471650300986,3.3673753423569277,0.46357182267317076,,,,,,,,,,,qw_prior_ablation.ablation,,,,,,,,,,,,,,,,,,,,,,,,,,,,,,N0 -> N2 -> N6,,,3.3673753423569277,,0.0,,,,,,,,,,,,,,,,,,,,,,,,,,,,,,,,,random-trial2,complete-graph-fallback,8.0,1.0,True,True,,,,,,,,,,,,
,N0,N6,N0 -> N2 -> N6,2.0,4.2945189877032695,3.3673753423569277,0.9271436453463415,,,,,,,,,,,qw_prior_ablation.ablation,,,,,,,,,,,,,,,,,,,,,,,,,,,,,,N0 -> N2 -> N6,,,3.3673753423569277,,0.0,,,,,,,,,,,,,,,,,,,,,,,,,,,,,,,,,random-trial2,complete-graph-fallback,8.0,2.0,True,True,,,,,,,,,,,,
,N0,N6,N0 -> N2 -> N6,2.0,5.221662633049611,3.3673753423569277,1.854287290692683,,,,,,,,,,,qw_prior_ablation.ablation,,,,,,,,,,,,,,,,,,,,,,,,,,,,,,N0 -> N2 -> N6,,,3.3673753423569277,,0.0,,,,,,,,,,,,,,,,,,,,,,,,,,,,,,,,,random-trial2,complete-graph-fallback,8.0,4.0,True,True,,,,,,,,,,,,
,N0,N6,N0 -> N2 -> N6,2.0,4.030680314220788,3.3673753423569277,0.6633049718638603,,,,,,,,,,,qw_prior_ablation.ablation,,,,,,,,,,,,,,,,,,,,,,,,,,,,,,N0 -> N2 -> N6,,,3.3673753423569277,,0.0,,,,,,,,,,,,,,,,,,,,,,,,,,,,,,,,,random-trial2,complete-graph-fallback,16.0,1.0,True,True,,,,,,,,,,,,
,N0,N6,N0 -> N2 -> N6,2.0,4.693985286084649,3.3673753423569277,1.3266099437277206,,,,,,,,,,,qw_prior_ablation.ablation,,,,,,,,,,,,,,,,,,,,,,,,,,,,,,N0 -> N2 -> N6,,,3.3673753423569277,,0.0,,,,,,,,,,,,,,,,,,,,,,,,,,,,,,,,,random-trial2,complete-graph-fallback,16.0,2.0,True,True,,,,,,,,,,,,
,N0,N6,N0 -> N2 -> N6,2.0,6.020595229812368,3.3673753423569277,2.653219887455441,,,,,,,,,,,qw_prior_ablation.ablation,,,,,,,,,,,,,,,,,,,,,,,,,,,,,,N0 -> N2 -> N6,,,3.3673753423569277,,0.0,,,,,,,,,,,,,,,,,,,,,,,,,,,,,,,,,random-trial2,complete-graph-fallback,16.0,4.0,True,True,,,,,,,,,,,,
,N5,N9,N5 -> N9,1.0,2.1588848138873944,2.1588848138873944,0.0,,,,,,,,,,,qw_prior_ablation.ablation,,,,,,,,,,,,,,,,,,,,,,,,,,,,,,N5 -> N9,,,2.1588848138873944,,0.0,,,,,,,,,,,,,,,,,,,,,,,,,,,,,,,,,random-trial3,complete-graph-fallback,4.0,1.0,True,True,,,,,,,,,,,,
,N5,N9,N5 -> N9,1.0,2.1588848138873944,2.1588848138873944,0.0,,,,,,,,,,,qw_prior_ablation.ablation,,,,,,,,,,,,,,,,,,,,,,,,,,,,,,N5 -> N9,,,2.1588848138873944,,0.0,,,,,,,,,,,,,,,,,,,,,,,,,,,,,,,,,random-trial3,complete-graph-fallback,4.0,2.0,True,True,,,,,,,,,,,,
,N5,N9,N5 -> N9,1.0,2.1588848138873944,2.1588848138873944,0.0,,,,,,,,,,,qw_prior_ablation.ablation,,,,,,,,,,,,,,,,,,,,,,,,,,,,,,N5 -> N9,,,2.1588848138873944,,0.0,,,,,,,,,,,,,,,,,,,,,,,,,,,,,,,,,random-trial3,complete-graph-fallback,4.0,4.0,True,True,,,,,,,,,,,,
,N5,N9,N5 -> N9,1.0,2.1588848138873944,2.1588848138873944,0.0,,,,,,,,,,,qw_prior_ablation.ablation,,,,,,,,,,,,,,,,,,,,,,,,,,,,,,N5 -> N9,,,2.1588848138873944,,0.0,,,,,,,,,,,,,,,,,,,,,,,,,,,,,,,,,random-trial3,complete-graph-fallback,8.0,1.0,True,True,,,,,,,,,,,,
,N5,N9,N5 -> N9,1.0,2.1588848138873944,2.1588848138873944,0.0,,,,,,,,,,,qw_prior_ablation.ablation,,,,,,,,,,,,,,,,,,,,,,,,,,,,,,N5 -> N9,,,2.1588848138873944,,0.0,,,,,,,,,,,,,,,,,,,,,,,,,,,,,,,,,random-trial3,complete-graph-fallback,8.0,2.0,True,True,,,,,,,,,,,,
,N5,N9,N5 -> N9,1.0,2.1588848138873944,2.1588848138873944,0.0,,,,,,,,,,,qw_prior_ablation.ablation,,,,,,,,,,,,,,,,,,,,,,,,,,,,,,N5 -> N9,,,2.1588848138873944,,0.0,,,,,,,,,,,,,,,,,,,,,,,,,,,,,,,,,random-trial3,complete-graph-fallback,8.0,4.0,True,True,,,,,,,,,,,,
,N5,N9,N5 -> N9,1.0,2.1588848138873944,2.1588848138873944,0.0,,,,,,,,,,,qw_prior_ablation.ablation,,,,,,,,,,,,,,,,,,,,,,,,,,,,,,N5 -> N9,,,2.1588848138873944,,0.0,,,,,,,,,,,,,,,,,,,,,,,,,,,,,,,,,random-trial3,complete-graph-fallback,16.0,1.0,True,True,,,,,,,,,,,,
,N5,N9,N5 -> N9,1.0,2.1588848138873944,2.1588848138873944,0.0,,,,,,,,,,,qw_prior_ablation.ablation,,,,,,,,,,,,,,,,,,,,,,,,,,,,,,N5 -> N9,,,2.1588848138873944,,0.0,,,,,,,,,,,,,,,,,,,,,,,,,,,,,,,,,random-trial3,complete-graph-fallback,16.0,2.0,True,True,,,,,,,,,,,,
,N5,N9,N5 -> N9,1.0,2.1588848138873944,2.1588848138873944,0.0,,,,,,,,,,,qw_prior_ablation.ablation,,,,,,,,,,,,,,,,,,,,,,,,,,,,,,N5 -> N9,,,2.1588848138873944,,0.0,,,,,,,,,,,,,,,,,,,,,,,,,,,,,,,,,random-trial3,complete-graph-fallback,16.0,4.0,True,True,,,,,,,,,,,,
,,,,,,,,,,,,,,,,,,qw_prior_ablation.ablation_summary,15.0,,,,,,,,,,,,,,,,,,,,,,,,,,,,,,,,,,,,,,,,,,,,,,,,,,0.0,,,,,,,,,,,,,,,,,,,,1.0,15,15,0.0,0.0,,,,,,,,,,
,,,,,,,,,,,,,,,,,,qw_prior_ablation.ablation_summary,15.0,,,,,,,,,,,,,,,,,,,,,,,,,,,,,,,,,,,,,,,,,,,,,,,,,,0.1385639530882635,,,,,,,,,,,,,,,,,,,,2.0,12,12,3.0,0.6928197654413175,,,,,,,,,,
,,,,,,,,,,,,,,,,,,qw_prior_ablation.ablation_summary,15.0,,,,,,,,,,,,,,,,,,,,,,,,,,,,,,,,,,,,,,,,,,,,,,,,,,0.38891078836118065,,,,,,,,,,,,,,,,,,,,4.0,10,10,5.0,1.8776012645468785,,,,,,,,,,
,,,S -> C0 -> C1 -> C2 -> C3 -> T,5.0,0.0,0.0,0.0,200.0,,,0.9039207967999998,5.0,,,,,,hop_penalty.sweep,,,,,,,,,,,,,,,,,,,,,,,,,,,,,,,,,,,,,,,,,,,,,,,,,,,,,,,,,,,,,,,,,0.0,,,,,,,,,,,0.0,0.0,0.0,,,,,,,
,,,S -> C0 -> C1 -> C2 -> C3 -> T,5.0,1.0,0.0,1.0,200.0,,,0.9039207967999998,5.0,,,,,,hop_penalty.sweep,,,,,,,,,,,,,,,,,,,,,,,,,,,,,,,,,,,,,,,,,,,,,,,,,,,,,,,,,,,,,,,,,0.25,,,,,,,,,,,0.0,1.0,0.0,,,,,,,
,,,S -> C0 -> C1 -> C2 -> C3 -> T,5.0,2.0,0.0,2.0,200.0,,,0.9039207967999998,5.0,,,,,,hop_penalty.sweep,,,,,,,,,,,,,,,,,,,,,,,,,,,,,,,,,,,,,,,,,,,,,,,,,,,,,,,,,,,,,,,,,0.5,,,,,,,,,,,0.0,2.0,0.0,,,,,,,
,,,S -> C0 -> C1 -> C2 -> C3 -> T,5.0,4.0,0.0,4.0,200.0,,,0.9039207967999998,5.0,,,,,,hop_penalty.sweep,,,,,,,,,,,,,,,,,,,,,,,,,,,,,,,,,,,,,,,,,,,,,,,,,,,,,,,,,,,,,,,,,1.0,,,,,,,,,,,0.0,4.0,0.0,,,,,,,
,,,S -> T,1.0,4.25,4.25,0.0,90.0,,,0.88,7.0,,,,,,hop_penalty.sweep,,,,,,,,,,,,,,,,,,,,,,,,,,,,,,,,,,,,,,,,,,,,,,,,,,,,,,,,,,,,,,,,,2.0,,,,,,,,,,,0.0,8.0,0.0,,,,,,,
,,,S -> R0 -> C0 -> C1 -> C2 -> C3 -> T,6.0,2.2840966896073747,2.2840966896073747,0.0,200.0,,,0.9039207967999999,5.0,,,,,,hop_penalty.sweep,,,,,,,,,,,,,,,,,,,,,,,,,,,,,,,,,,,,,,,,,,,,,,,,,,,,,,,,,,,,,,,,,0.0,,,,,,,,,,,1.0,0.0,1.0,,,,,,,
,,,S -> T,1.0,4.25,4.25,0.0,90.0,,,0.88,7.0,,,,,,hop_penalty.sweep,,,,,,,,,,,,,,,,,,,,,,,,,,,,,,,,,,,,,,,,,,,,,,,,,,,,,,,,,,,,,,,,,0.25,,,,,,,,,,,1.0,1.0,0.0,,,,,,,
,,,S -> T,1.0,4.25,4.25,0.0,90.0,,,0.88,7.0,,,,,,hop_penalty.sweep,,,,,,,,,,,,,,,,,,,,,,,,,,,,,,,,,,,,,,,,,,,,,,,,,,,,,,,,,,,,,,,,,0.5,,,,,,,,,,,1.0,2.0,0.0,,,,,,,
,,,S -> T,1.0,4.25,4.25,0.0,90.0,,,0.88,7.0,,,,,,hop_penalty.sweep,,,,,,,,,,,,,,,,,,,,,,,,,,,,,,,,,,,,,,,,,,,,,,,,,,,,,,,,,,,,,,,,,1.0,,,,,,,,,,,1.0,4.0,0.0,,,,,,,
,,,S -> T,1.0,4.25,4.25,0.0,90.0,,,0.88,7.0,,,,,,hop_penalty.sweep,,,,,,,,,,,,,,,,,,,,,,,,,,,,,,,,,,,,,,,,,,,,,,,,,,,,,,,,,,,,,,,,,2.0,,,,,,,,,,,1.0,8.0,0.0,,,,,,,
,,,S -> R0 -> C0 -> R1 -> C1 -> C2 -> C3 -> T,7.0,1.713072517205531,1.713072517205531,0.0,200.0,,,0.9039207968,5.0,,,,,,hop_penalty.sweep,,,,,,,,,,,,,,,,,,,,,,,,,,,,,,,,,,,,,,,,,,,,,,,,,,,,,,,,,,,,,,,,,0.0,,,,,,,,,,,2.0,0.0,2.0,,,,,,,
,,,S -> T,1.0,4.25,4.25,0.0,90.0,,,0.88,7.0,,,,,,hop_penalty.sweep,,,,,,,,,,,,,,,,,,,,,,,,,,,,,,,,,,,,,,,,,,,,,,,,,,,,,,,,,,,,,,,,,0.25,,,,,,,,,,,2.0,1.0,0.0,,,,,,,
,,,S -> T,1.0,4.25,4.25,0.0,90.0,,,0.88,7.0,,,,,,hop_penalty.sweep,,,,,,,,,,,,,,,,,,,,,,,,,,,,,,,,,,,,,,,,,,,,,,,,,,,,,,,,,,,,,,,,,0.5,,,,,,,,,,,2.0,2.0,0.0,,,,,,,
,,,S -> T,1.0,4.25,4.25,0.0,90.0,,,0.88,7.0,,,,,,hop_penalty.sweep,,,,,,,,,,,,,,,,,,,,,,,,,,,,,,,,,,,,,,,,,,,,,,,,,,,,,,,,,,,,,,,,,1.0,,,,,,,,,,,2.0,4.0,0.0,,,,,,,
,,,S -> T,1.0,4.25,4.25,0.0,90.0,,,0.88,7.0,,,,,,hop_penalty.sweep,,,,,,,,,,,,,,,,,,,,,,,,,,,,,,,,,,,,,,,,,,,,,,,,,,,,,,,,,,,,,,,,,2.0,,,,,,,,,,,2.0,8.0,0.0,,,,,,,
,,,,,,,,,,,,,,,,,,hop_penalty.switch_points,,,,,,,,,,,,,,,,,,,,,,,,,,,,,,,,,,,,,,,,,,,,,,,,,,,,,,,,,,,,,,,,,,,,,,,,,,,,0.0,,,0.0,4.25,5.0,1.0,0.0,2.0,True
,,,,,,,,,,,,,,,,,,hop_penalty.switch_points,,,,,,,,,,,,,,,,,,,,,,,,,,,,,,,,,,,,,,,,,,,,,,,,,,,,,,,,,,,,,,,,,,,,,,,,,,,,1.0,,,2.2840966896073747,4.25,6.0,1.0,2.2840966896073747,0.25,True
,,,,,,,,,,,,,,,,,,hop_penalty.switch_points,,,,,,,,,,,,,,,,,,,,,,,,,,,,,,,,,,,,,,,,,,,,,,,,,,,,,,,,,,,,,,,,,,,,,,,,,,,,2.0,,,1.713072517205531,4.25,7.0,1.0,1.713072517205531,0.25,True
